<?xml version="1.0" encoding="UTF-8" standalone="no"?>
<!--
This library is free software; you can redistribute it and/or modify it under the terms of the GNU Lesser General Public
License as published by the Free Software Foundation; either version 3 of the License, or (at your option) any later version.

This library is distributed in the hope that it will be useful, but WITHOUT ANY WARRANTY; without even the implied warranty of
MERCHANTABILITY or FITNESS FOR A PARTICULAR PURPOSE. See the GNU Lesser General Public License for more details.

You should have received a copy of the GNU Lesser General Public License along with this library; See http://www.gnu.org/licenses/.
--><module>
    <inherits name="com.braintribe.gwt.gmview.action.GmViewAction"/>
    <inherits name="com.braintribe.gwt.gmview.GmViewApi"/>
    <inherits name="com.braintribe.model.PathModel"/>
    <inherits name="com.braintribe.model.processing.session.SessionApi"/>
    <inherits name="com.braintribe.model.UiCommandModel"/>
    <inherits name="com.braintribe.model.WorkbenchModel"/>
    <inherits name="com.google.gwt.core.Core"/>
    <inherits name="com.google.gwt.emul.Emulation"/>
    <inherits name="com.google.gwt.event.dom.DomEvent"/>
    <inherits name="com.google.gwt.resources.Resources"/>
    <inherits name="com.google.gwt.safehtml.SafeHtml"/>
    <inherits name="com.google.gwt.user.Debug"/>
    <inherits name="com.google.gwt.user.RemoteServiceObfuscateTypeNames"/>
</module>
