<?xml version="1.0" encoding="UTF-8" standalone="no"?>
<!--
This library is free software; you can redistribute it and/or modify it under the terms of the GNU Lesser General Public
License as published by the Free Software Foundation; either version 3 of the License, or (at your option) any later version.

This library is distributed in the hope that it will be useful, but WITHOUT ANY WARRANTY; without even the implied warranty of
MERCHANTABILITY or FITNESS FOR A PARTICULAR PURPOSE. See the GNU Lesser General Public License for more details.

You should have received a copy of the GNU Lesser General Public License along with this library; See http://www.gnu.org/licenses/.
--><module>
	<inherits name="com.braintribe.gwt.action.Action"/>
	<inherits name="com.braintribe.gwt.async.Async"/>
    <inherits name="com.braintribe.gwt.gme.constellation.GmeConstellation"/>
    <inherits name="com.braintribe.gwt.gme.propertypanel.PropertyPanel"/>
    <inherits name="com.braintribe.gwt.gme.templateevaluation.TemplateEvaluationUI"/>
    <inherits name="com.braintribe.gwt.gme.verticaltabpanel.VerticalTabPanel"/>
    <inherits name="com.braintribe.gwt.gmview.action.GmViewAction"/>
    <inherits name="com.braintribe.gwt.gmview.actionbar.GmViewActionBar"/>
    <inherits name="com.braintribe.gwt.gmview.ddsarequest.DdsaRequest"/>
    <inherits name="com.braintribe.gwt.gmview.GmViewApi"/>
    <inherits name="com.braintribe.gwt.gxt.gxtresources.extendedcomponents.ExtendedComponents"/>
    <inherits name="com.braintribe.gwt.ioc.Ioc"/>
    <inherits name="com.braintribe.gwt.logging.Logging"/>
    <inherits name="com.braintribe.model.AccessApiModel"/>
    <inherits name="com.braintribe.model.AccessRequestModel"/>
    <inherits name="com.braintribe.model.AccessServiceApiModel"/>
    <inherits name="com.braintribe.model.generic.AbsenceInformationModel"/>
    <inherits name="com.braintribe.model.generic.GenericModelValidation"/>
    <inherits name="com.braintribe.model.generic.ValueDescriptorModel"/>
    <inherits name="com.braintribe.model.GenericModel"/>
    <inherits name="com.braintribe.model.PaginationModel"/>
    <inherits name="com.braintribe.model.PathModel"/>
    <inherits name="com.braintribe.model.processing.notification.NotificationApi"/>
    <inherits name="com.braintribe.model.processing.session.impl.PersistenceGmSessionImpl"/>
    <inherits name="com.braintribe.model.processing.session.SessionApi"/>
    <inherits name="com.braintribe.model.processing.TemplateEvaluation"/>
    <inherits name="com.braintribe.model.QueryModel"/>
    <inherits name="com.braintribe.model.RootModel"/>
    <inherits name="com.braintribe.model.ServiceApiModel"/>
    <inherits name="com.braintribe.model.TemplateModel"/>
    <inherits name="com.braintribe.model.WorkbenchModel"/>
    <inherits name="com.braintribe.Provider"/>
    <inherits name="com.braintribe.UtilsExclusion"/>
    <inherits name="com.google.gwt.core.AsyncFragmentLoader"/>
    <inherits name="com.google.gwt.core.CompilerParameters"/>
    <inherits name="com.google.gwt.core.Core"/>
    <inherits name="com.google.gwt.core.CoreWithUserAgent"/>
    <inherits name="com.google.gwt.core.CrossSiteIframeLinker"/>
    <inherits name="com.google.gwt.core.StackTrace"/>
    <inherits name="com.google.gwt.core.SynchronousFragmentLoadCallback"/>
    <inherits name="com.google.gwt.core.XSLinker"/>
    <inherits name="com.google.gwt.dom.DOM"/>
    <inherits name="com.google.gwt.emul.Emulation"/>
    <inherits name="com.google.gwt.event.dom.DomEvent"/>
    <inherits name="com.google.gwt.event.logical.LogicalEvent"/>
    <inherits name="com.google.gwt.i18n.CldrLocales"/>
    <inherits name="com.google.gwt.user.Debug"/>
    <inherits name="com.google.gwt.user.RemoteServiceObfuscateTypeNames"/>
    <inherits name="com.sencha.gxt.cell.core.Core"/>
    <inherits name="com.sencha.gxt.widget.core.Core"/>
</module>
