<?xml version="1.0" encoding="UTF-8" standalone="no"?>
<!--
This library is free software; you can redistribute it and/or modify it under the terms of the GNU Lesser General Public
License as published by the Free Software Foundation; either version 3 of the License, or (at your option) any later version.

This library is distributed in the hope that it will be useful, but WITHOUT ANY WARRANTY; without even the implied warranty of
MERCHANTABILITY or FITNESS FOR A PARTICULAR PURPOSE. See the GNU Lesser General Public License for more details.

You should have received a copy of the GNU Lesser General Public License along with this library; See http://www.gnu.org/licenses/.
--><module>
    <inherits name="com.braintribe.gwt.async.Async"/>
    <inherits name="com.braintribe.gwt.browserfeatures.BrowserFeatures"/>
    <inherits name="com.braintribe.gwt.genericmodel.GenericModel"/>
    <inherits name="com.braintribe.gwt.gmrpc.api.GmRpcClientApi"/>
    <inherits name="com.braintribe.gwt.gmrpc.web.GmWebRpcClient"/>
    <inherits name="com.braintribe.gwt.gmview.GmViewApi"/>
    <inherits name="com.braintribe.gwt.ioc.Ioc"/>
    <inherits name="com.braintribe.gwt.logging.Logging"/>
    <inherits name="com.braintribe.gwt.security.Security"/>
    <inherits name="com.braintribe.model.GenericModel"/>
    <inherits name="com.braintribe.model.processing.session.SessionApi"/>
    <inherits name="com.braintribe.model.RootModel"/>
    <inherits name="com.braintribe.model.ServiceApiModel"/>
    <inherits name="com.google.gwt.core.AsyncFragmentLoader"/>
    <inherits name="com.google.gwt.core.CompilerParameters"/>
    <inherits name="com.google.gwt.core.Core"/>
    <inherits name="com.google.gwt.core.CoreWithUserAgent"/>
    <inherits name="com.google.gwt.core.CrossSiteIframeLinker"/>
    <inherits name="com.google.gwt.core.StackTrace"/>
    <inherits name="com.google.gwt.core.SynchronousFragmentLoadCallback"/>
    <inherits name="com.google.gwt.core.XSLinker"/>
    <inherits name="com.google.gwt.emul.Emulation"/>
    <inherits name="com.google.gwt.user.Debug"/>
    <inherits name="com.google.gwt.user.RemoteServiceObfuscateTypeNames"/>
    <inherits name="com.sencha.gxt.core.Core"/>
</module>
