<?xml version="1.0" encoding="UTF-8"?>
<!--
This library is free software; you can redistribute it and/or modify it under the terms of the GNU Lesser General Public
License as published by the Free Software Foundation; either version 3 of the License, or (at your option) any later version.

This library is distributed in the hope that it will be useful, but WITHOUT ANY WARRANTY; without even the implied warranty of
MERCHANTABILITY or FITNESS FOR A PARTICULAR PURPOSE. See the GNU Lesser General Public License for more details.

You should have received a copy of the GNU Lesser General Public License along with this library; See http://www.gnu.org/licenses/.
--><mime-info>
   <mime-type type="text/x-yaml">
    <_comment>YAML source code</_comment>
    <glob pattern="*.yaml"/>
    <glob pattern="*.yml"/>
    <sub-class-of type="text/plain"/>
  </mime-type>
  
   <mime-type type="avro/binary"> <!--  https://avro.apache.org/docs/1.8.1/spec.html recommends avro/binary -->
    <_comment>Apache Avro</_comment>
    <glob pattern="*.avsc"/>
    <glob pattern="*.avro"/>
    <sub-class-of type="application/json"/>
  </mime-type>
</mime-info>
 
 
 
 
 
 
