<!--
This library is free software; you can redistribute it and/or modify it under the terms of the GNU Lesser General Public
License as published by the Free Software Foundation; either version 3 of the License, or (at your option) any later version.

This library is distributed in the hope that it will be useful, but WITHOUT ANY WARRANTY; without even the implied warranty of
MERCHANTABILITY or FITNESS FOR A PARTICULAR PURPOSE. See the GNU Lesser General Public License for more details.

You should have received a copy of the GNU Lesser General Public License along with this library; See http://www.gnu.org/licenses/.
--><and>
	<loggerNames>com.braintribe.model.processing.securityservice.usersession.basic.BasicUserSessionService, com.braintribe.model.processing.securityservice.basic.SecurityServiceProcessor, com.braintribe.web.servlet.auth.AuthServlet, com.braintribe.cartridge.common.processing.web.ServiceEndpointFilter@FINE</loggerNames>
	<or>
		<!-- Login -->
		<matches>.*Authentication of user .* succeeded.*</matches>
		<!-- Wrong password -->
		<matches>.*Authentication of user .* failed.*</matches>
		<!-- Session is closed -->
		<matches>.*Closing user session .* for user .*</matches>
		<!-- Session has expired -->
		<matches>.*session .* was considered expired .*</matches>
		<!-- Session is invalid -->
		<matches>.*An invalid sessionId.* was provided.*</matches>
		<!-- Session does not exist -->
		<!-- We get something like this: 'com.braintribe.model.processing.ddra.endpoints.api.v1.ApiV1RestServlet      'Error while executing: REST call: GET' -->
		<!-- Information is in the stacktrace and we cannot filter for this.-->
		<!--<matches>TODO</matches>-->
	</or>
</and>
