<?xml version="1.0" encoding="UTF-8" standalone="no"?>
<!--
This library is free software; you can redistribute it and/or modify it under the terms of the GNU Lesser General Public
License as published by the Free Software Foundation; either version 3 of the License, or (at your option) any later version.

This library is distributed in the hope that it will be useful, but WITHOUT ANY WARRANTY; without even the implied warranty of
MERCHANTABILITY or FITNESS FOR A PARTICULAR PURPOSE. See the GNU Lesser General Public License for more details.

You should have received a copy of the GNU Lesser General Public License along with this library; See http://www.gnu.org/licenses/.
--><module>
	<inherits name="com.braintribe.gm.model.security.SecurityReasonModel"/>
    <inherits name="com.braintribe.gwt.async.Async"/>
    <inherits name="com.braintribe.gwt.ioc.Ioc"/>
    <inherits name="com.braintribe.model.SecurityServiceApiModel"/>
    <inherits name="com.braintribe.Provider"/>
    <inherits name="com.braintribe.UtilsExclusion"/>
    <inherits name="com.google.gwt.core.Core"/>
    <inherits name="com.google.gwt.emul.Emulation"/>
	<inherits name="com.google.gwt.user.Debug"/>
	<inherits name="com.google.gwt.user.RemoteServiceObfuscateTypeNames"/>
	<inherits name="jsinterop.annotations.Annotations"/>
    <source path="client"/>
</module>
