<?xml version="1.0" encoding="UTF-8" ?>
<!--
This library is free software; you can redistribute it and/or modify it under the terms of the GNU Lesser General Public
License as published by the Free Software Foundation; either version 3 of the License, or (at your option) any later version.

This library is distributed in the hope that it will be useful, but WITHOUT ANY WARRANTY; without even the implied warranty of
MERCHANTABILITY or FITNESS FOR A PARTICULAR PURPOSE. See the GNU Lesser General Public License for more details.

You should have received a copy of the GNU Lesser General Public License along with this library; See http://www.gnu.org/licenses/.
--><model-forward-declaration>

  <for-model name='com.braintribe.gm:absence-information-model'>
    <type>com.braintribe.model.generic.pr.AbsenceInformation</type>
  </for-model>

  <for-model name='com.braintribe.gm:manipulation-model'>
    <type>com.braintribe.model.generic.manipulation.AtomicManipulation</type>
    <type>com.braintribe.model.generic.manipulation.Manipulation</type>
  </for-model>

  <for-model name='com.braintribe.gm:owner-model'>
    <type>com.braintribe.model.generic.manipulation.EntityProperty</type>
    <type>com.braintribe.model.generic.manipulation.Owner</type>
  </for-model>

  <for-model name='com.braintribe.gm:resource-model'>
    <type>com.braintribe.model.resource.Resource</type>
    <type>com.braintribe.model.resource.source.ResourceSource</type>
    <type>com.braintribe.model.resource.specification.ResourceSpecification</type>
  </for-model>
  
  <for-model name='com.braintribe.gm:reason-model'>
    <type>com.braintribe.gm.model.reason.Reason</type>
  </for-model>

  <for-model name='com.braintribe.gm:root-model'>
    <type>com.braintribe.model.generic.GenericEntity</type>
    <type>com.braintribe.model.generic.StandardIdentifiable</type>
    <type>com.braintribe.model.generic.StandardStringIdentifiable</type>
  </for-model>

  <for-model name='com.braintribe.gm:traversing-criteria-model'>
    <type>com.braintribe.model.generic.pr.criteria.BasicCriterion</type>
    <type>com.braintribe.model.generic.pr.criteria.StackElementCriterion</type>
    <type>com.braintribe.model.generic.pr.criteria.TraversingCriterion</type>
    <type>com.braintribe.model.generic.pr.criteria.TypedCriterion</type>
  </for-model>

  <for-model name='com.braintribe.gm:value-descriptor-model'>
    <type>com.braintribe.model.generic.value.EntityReference</type>
    <type>com.braintribe.model.generic.value.EnumReference</type>
    <type>com.braintribe.model.generic.value.ValueDescriptor</type>
    <type>com.braintribe.model.generic.value.type.DynamicallyTypedDescriptor</type>
  </for-model>

  <for-model name='com.braintribe.gm:transient-resource-model'>
    <type>com.braintribe.model.resource.CallStreamCapture</type>
    <type>com.braintribe.model.resource.source.TransientSource</type>
  </for-model>

</model-forward-declaration>