<?xml version="1.0" encoding="UTF-8" standalone="no"?>
<!--
This library is free software; you can redistribute it and/or modify it under the terms of the GNU Lesser General Public
License as published by the Free Software Foundation; either version 3 of the License, or (at your option) any later version.

This library is distributed in the hope that it will be useful, but WITHOUT ANY WARRANTY; without even the implied warranty of
MERCHANTABILITY or FITNESS FOR A PARTICULAR PURPOSE. See the GNU Lesser General Public License for more details.

You should have received a copy of the GNU Lesser General Public License along with this library; See http://www.gnu.org/licenses/.
--><module>
    <inherits name="com.braintribe.BasicConfigAnnotations"/>
    <inherits name="com.braintribe.common.Lcd"/>
    <inherits name="com.braintribe.gwt.action.Action"/>
    <inherits name="com.braintribe.gwt.async.Async"/>
    <inherits name="com.braintribe.gwt.gme.constellation.GmeConstellation"/>
    <inherits name="com.braintribe.gwt.gme.verticaltabpanel.VerticalTabPanel"/>
    <inherits name="com.braintribe.gwt.gme.workbench.Workbench"/>
    <inherits name="com.braintribe.gwt.gmview.action.GmViewAction"/>
    <inherits name="com.braintribe.gwt.gmview.actionbar.GmViewActionBar"/>
    <inherits name="com.braintribe.gwt.gmview.ddsarequest.DdsaRequest"/>
    <inherits name="com.braintribe.gwt.gmview.GmViewApi"/>
    <inherits name="com.braintribe.gwt.gmview.util.GmViewUtil"/>
    <inherits name="com.braintribe.gwt.gxt.gxtresources.extendedcomponents.ExtendedComponents"/>
    <inherits name="com.braintribe.gwt.gxt.gxtresources.orangeflattab.OrangeFlatTab"/>
    <inherits name="com.braintribe.gwt.ioc.Ioc"/>
    <inherits name="com.braintribe.gwt.logging.Logging"/>
    <inherits name="com.braintribe.model.BasicMetaModel"/>
    <inherits name="com.braintribe.model.BasicResourceModel"/>
    <inherits name="com.braintribe.model.CommandModel"/>
    <inherits name="com.braintribe.model.FolderModel"/>
    <inherits name="com.braintribe.model.generic.I18nModel"/>
    <inherits name="com.braintribe.model.generic.ManipulationModel"/>
    <inherits name="com.braintribe.model.generic.ValueDescriptorModel"/>
    <inherits name="com.braintribe.model.GenericModel"/>
    <inherits name="com.braintribe.model.IconModel"/>
    <inherits name="com.braintribe.model.ModelPathModel"/>
    <inherits name="com.braintribe.model.NotificationClientModel"/>
    <inherits name="com.braintribe.model.PathModel"/>
    <inherits name="com.braintribe.model.processing.core.expert.GmExpertRegistryApi"/>
    <inherits name="com.braintribe.model.processing.core.expert.GmExpertRegistryImpl"/>
    <inherits name="com.braintribe.model.processing.manipulation.BasicManipulation"/>
    <inherits name="com.braintribe.model.processing.notification.NotificationApi"/>
    <inherits name="com.braintribe.model.processing.query.QueryModelProcessing"/>
    <inherits name="com.braintribe.model.processing.query.QueryParser"/>
    <inherits name="com.braintribe.model.processing.session.SessionApi"/>
    <inherits name="com.braintribe.model.QueryModel"/>
    <inherits name="com.braintribe.model.RootModel"/>
    <inherits name="com.braintribe.model.ServiceApiModel"/>
    <inherits name="com.braintribe.model.TransientResourceModel"/>
    <inherits name="com.braintribe.model.UiCommandModel"/>
    <inherits name="com.braintribe.model.UiServiceModel"/>
    <inherits name="com.braintribe.processing.async.AsyncApi"/>
    <inherits name="com.braintribe.utils.I18nTools"/>
    <inherits name="com.google.gwt.cell.Cell"/>
    <inherits name="com.google.gwt.core.AsyncFragmentLoader"/>
    <inherits name="com.google.gwt.core.CompilerParameters"/>
    <inherits name="com.google.gwt.core.Core"/>
    <inherits name="com.google.gwt.core.CoreWithUserAgent"/>
    <inherits name="com.google.gwt.core.CrossSiteIframeLinker"/>
    <inherits name="com.google.gwt.core.StackTrace"/>
    <inherits name="com.google.gwt.core.SynchronousFragmentLoadCallback"/>
    <inherits name="com.google.gwt.core.XSLinker"/>
    <inherits name="com.google.gwt.dom.DOM"/>
    <inherits name="com.google.gwt.emul.Emulation"/>
    <inherits name="com.google.gwt.event.dom.DomEvent"/>
    <inherits name="com.google.gwt.event.EventBase"/>
    <inherits name="com.google.gwt.event.logical.LogicalEvent"/>
    <inherits name="com.google.gwt.i18n.CldrLocales"/>
    <inherits name="com.google.gwt.regexp.RegExp"/>
    <inherits name="com.google.gwt.resources.Resources"/>
    <inherits name="com.google.gwt.safecss.SafeCss"/>
    <inherits name="com.google.gwt.safehtml.SafeHtml"/>
    <inherits name="com.google.gwt.user.Debug"/>
    <inherits name="com.google.gwt.user.RemoteServiceObfuscateTypeNames"/>
    <inherits name="com.sencha.gxt.cell.core.Core"/>
    <inherits name="com.sencha.gxt.core.Core"/>
    <inherits name="com.sencha.gxt.data.Data"/>
    <inherits name="com.sencha.gxt.theme.base.Base"/>
    <inherits name="com.sencha.gxt.widget.core.Core"/>
</module>
