<?xml version="1.0" encoding="UTF-8" standalone="no"?>
<!--
This library is free software; you can redistribute it and/or modify it under the terms of the GNU Lesser General Public
License as published by the Free Software Foundation; either version 3 of the License, or (at your option) any later version.

This library is distributed in the hope that it will be useful, but WITHOUT ANY WARRANTY; without even the implied warranty of
MERCHANTABILITY or FITNESS FOR A PARTICULAR PURPOSE. See the GNU Lesser General Public License for more details.

You should have received a copy of the GNU Lesser General Public License along with this library; See http://www.gnu.org/licenses/.
--><module>
	<inherits name="com.braintribe.Codec"/>
	<inherits name="com.braintribe.common.Lcd"/>
	<inherits name="com.braintribe.gwt.async.Async"/>
	<inherits name="com.braintribe.gwt.fileapi.FileApi"/>
	<inherits name="com.braintribe.gwt.genericmodel.GenericModel"/>
    <inherits name="com.braintribe.gwt.ioc.Ioc"/>
	<inherits name="com.braintribe.model.processing.session.SessionApi"/>
	<inherits name="com.braintribe.model.ResourceApiModel"/>
	<inherits name="com.braintribe.model.TransientResourceModel"/>
	<inherits name="com.braintribe.processing.async.AsyncApi"/>
	<inherits name="com.google.gwt.core.Core"/>
    <inherits name="com.google.gwt.emul.Emulation"/>
    <inherits name="com.google.gwt.http.HTTP"/>
	<inherits name="com.google.gwt.xhr.XMLHttpRequest"/>
    <source path="client"/>
    <source path="session"/>
</module>
