<?xml version="1.0" encoding="UTF-8" standalone="no"?>
<!--
This library is free software; you can redistribute it and/or modify it under the terms of the GNU Lesser General Public
License as published by the Free Software Foundation; either version 3 of the License, or (at your option) any later version.

This library is distributed in the hope that it will be useful, but WITHOUT ANY WARRANTY; without even the implied warranty of
MERCHANTABILITY or FITNESS FOR A PARTICULAR PURPOSE. See the GNU Lesser General Public License for more details.

You should have received a copy of the GNU Lesser General Public License along with this library; See http://www.gnu.org/licenses/.
--><module>
    <inherits name="com.braintribe.common.Lcd"/>
    <inherits name="com.braintribe.gm.model.ServiceValueDescriptorModel"/>
    <inherits name="com.braintribe.gwt.async.Async"/>
    <inherits name="com.braintribe.model.BasicValueDescriptorModel"/>
    <inherits name="com.braintribe.model.generic.I18nModel"/>
    <inherits name="com.braintribe.model.generic.ValueDescriptorModel"/>
    <inherits name="com.braintribe.model.GenericModel"/>
    <inherits name="com.braintribe.model.ModelPathModel"/>
    <inherits name="com.braintribe.model.PathModel"/>
    <inherits name="com.braintribe.model.processing.session.SessionApi"/>
    <inherits name="com.braintribe.model.processing.vde.builder.VdeBuilderApi"/>
    <inherits name="com.braintribe.model.processing.vde.builder.VdeBuilderImpl"/>
    <inherits name="com.braintribe.model.processing.vde.evaluator.VdeEvaluatorApi"/>
    <inherits name="com.braintribe.model.ServiceApiModel"/>
    <inherits name="com.braintribe.model.TimeModel"/>
    <inherits name="com.braintribe.processing.async.AsyncApi"/>
	<inherits name="com.braintribe.utils.format.FormatApi"/>
    <inherits name="com.braintribe.utils.format.FormatTool"/>
    <inherits name="com.braintribe.utils.I18nTools"/>
    <inherits name="com.google.gwt.core.Core"/>
    <inherits name="com.google.gwt.emul.Emulation"/>
    <source path="vde"/>
</module>
