<?xml version='1.0' encoding='UTF-8'?>
<?gm-xml version="4"?>
<gm-data>
 <required-types>
  <t alias='ArtifactContainerConfiguration^C$tK2M' num='1'>com.braintribe.model.malaclypse.cfg.container.ArtifactContainerConfiguration</t>
  <t alias='ArtifactKind^DbJUQh'>com.braintribe.model.malaclypse.cfg.container.ArtifactKind</t>
  <t alias='ContainerKind^C7ITQC'>com.braintribe.model.malaclypse.cfg.container.ContainerKind</t>
  <t alias='ResolverKind^BtLBVR'>com.braintribe.model.malaclypse.cfg.container.ResolverKind</t>
 </required-types>
 <root-value>
  <r>ArtifactContainerConfiguration^C$tK2M-$0ab6749e-db72-4cda-9499-7f7d52dbde1f</r>
 </root-value>
 <pool>
  <E id='ArtifactContainerConfiguration^C$tK2M-$0ab6749e-db72-4cda-9499-7f7d52dbde1f'>
   <e p='artifactKind'>ArtifactKind^DbJUQh.model</e>
   <e p='containerKind'>ContainerKind^C7ITQC.dynamicContainer</e>
   <s p='globalId'>0ab6749e-db72-4cda-9499-7f7d52dbde1f</s>
   <b p='modified'>false</b>
   <e p='resolverKind'>ResolverKind^BtLBVR.optimistic</e>
  </E>
 </pool>
</gm-data>