<?xml version="1.0" encoding="UTF-8" standalone="no"?>
<!--
This library is free software; you can redistribute it and/or modify it under the terms of the GNU Lesser General Public
License as published by the Free Software Foundation; either version 3 of the License, or (at your option) any later version.

This library is distributed in the hope that it will be useful, but WITHOUT ANY WARRANTY; without even the implied warranty of
MERCHANTABILITY or FITNESS FOR A PARTICULAR PURPOSE. See the GNU Lesser General Public License for more details.

You should have received a copy of the GNU Lesser General Public License along with this library; See http://www.gnu.org/licenses/.
--><project xmlns="http://maven.apache.org/POM/4.0.0" xmlns:xsi="http://www.w3.org/2001/XMLSchema-instance" xsi:schemaLocation="http://maven.apache.org/POM/4.0.0 http://maven.apache.org/maven-v4_0_0.xsd">
		<modelVersion>4.0.0</modelVersion>
		<groupId>tribefire.extension.auth</groupId>
		<artifactId>auth-initializer</artifactId>
		<version>2.0</version>
		<dependencies>
			<dependency>
					<groupId>tribefire.extension.auth</groupId>
					<artifactId>auth-deployment-model</artifactId>
					<version>[2.0,2.1)</version>
					<exclusions><exclusion><groupId>*</groupId><artifactId>*</artifactId></exclusion></exclusions>
			</dependency>
			<dependency>
					<groupId>tribefire.extension.auth</groupId>
					<artifactId>auth-service-model</artifactId>
					<version>[2.0,2.1)</version>
					<exclusions><exclusion><groupId>*</groupId><artifactId>*</artifactId></exclusion></exclusions>
			</dependency>
		</dependencies>
</project>
