<?xml version="1.0" encoding="UTF-8" standalone="no"?>
<!--
This library is free software; you can redistribute it and/or modify it under the terms of the GNU Lesser General Public
License as published by the Free Software Foundation; either version 3 of the License, or (at your option) any later version.

This library is distributed in the hope that it will be useful, but WITHOUT ANY WARRANTY; without even the implied warranty of
MERCHANTABILITY or FITNESS FOR A PARTICULAR PURPOSE. See the GNU Lesser General Public License for more details.

You should have received a copy of the GNU Lesser General Public License along with this library; See http://www.gnu.org/licenses/.
--><module>
    <inherits name="com.braintribe.Codec"/>
    <inherits name="com.braintribe.common.Lcd"/>
    <inherits name="com.braintribe.gm.model.UiActionModel"/>
    <inherits name="com.braintribe.gwt.action.Action"/>
    <inherits name="com.braintribe.gwt.action.adapter.gxt.ActionAdapter"/>
    <inherits name="com.braintribe.gwt.async.Async"/>
    <inherits name="com.braintribe.gwt.browserfeatures.BrowserFeatures"/>
    <inherits name="com.braintribe.gwt.codec.registry.Registry"/>
    <inherits name="com.braintribe.gwt.genericmodel.GenericModel"/>
    <inherits name="com.braintribe.gwt.genericmodelgxtsupport.GenericModelGxtSupport"/>
    <inherits name="com.braintribe.gwt.gm.storage.expert.QueryStorageExpert"/>
    <inherits name="com.braintribe.gwt.gm.storage.StorageApi"/>
    <inherits name="com.braintribe.gwt.gme.assemblypanel.AssemblyPanel"/>
    <inherits name="com.braintribe.gwt.gme.cssresources.GenericModelExplorerCssResources"/>
    <inherits name="com.braintribe.gwt.gme.gmactionbar.GmViewActionBar"/>
    <inherits name="com.braintribe.gwt.gme.headerbar.HeaderBar"/>
    <inherits name="com.braintribe.gwt.gme.notification.Notification"/>
    <inherits name="com.braintribe.gwt.gme.propertypanel.PropertyPanel"/>
    <inherits name="com.braintribe.gwt.gme.servicerequestpanel.ServiceRequestPanel"/>
    <inherits name="com.braintribe.gwt.gme.templateevaluation.TemplateEvaluationUI"/>
    <inherits name="com.braintribe.gwt.gme.tetherbar.TetherBar"/>
    <inherits name="com.braintribe.gwt.gme.uitheme.UiTheme"/>
    <inherits name="com.braintribe.gwt.gme.verticaltabpanel.VerticalTabPanel"/>
    <inherits name="com.braintribe.gwt.gme.workbench.Workbench"/>
    <inherits name="com.braintribe.gwt.gmresourceapi.GmResourceApi"/>
    <inherits name="com.braintribe.gwt.gmrpc.api.GmRpcClientApi"/>
    <inherits name="com.braintribe.gwt.gmview.action.GmViewAction"/>
    <inherits name="com.braintribe.gwt.gmview.actionbar.GmViewActionBar"/>
    <inherits name="com.braintribe.gwt.gmview.ddsarequest.DdsaRequest"/>
    <inherits name="com.braintribe.gwt.gmview.GmViewApi"/>
    <inherits name="com.braintribe.gwt.gmview.metadata.GmViewMetaData"/>
    <inherits name="com.braintribe.gwt.gmview.util.GmViewUtil"/>
    <inherits name="com.braintribe.gwt.gxt.gxtresources.extendedcomponents.ExtendedComponents"/>
    <inherits name="com.braintribe.gwt.gxt.gxtresources.gridwithoutlines.GridWithoutLines"/>
    <inherits name="com.braintribe.gwt.gxt.gxtresources.whitebutton.WhiteButton"/>
    <inherits name="com.braintribe.gwt.htmlpanel.HtmlPanel"/>
    <inherits name="com.braintribe.gwt.ioc.Ioc"/>
    <inherits name="com.braintribe.gwt.logging.Logging"/>
    <inherits name="com.braintribe.gwt.qc.api.QueryConstellationViewApi"/>
    <inherits name="com.braintribe.gwt.utils.GxtResourcesUtils"/>
    <inherits name="com.braintribe.gwt.validationui.GenericModelValidationUI"/>
    <inherits name="com.braintribe.model.AccessApiModel"/>
    <inherits name="com.braintribe.model.AccessDeploymentExtensionModel"/>
    <inherits name="com.braintribe.model.AccessDeploymentModel"/>
    <inherits name="com.braintribe.model.AccessRequestModel"/>
    <inherits name="com.braintribe.model.AccessServiceApiModel"/>
    <inherits name="com.braintribe.model.BasicMetaModel"/>
    <inherits name="com.braintribe.model.BasicResourceModel"/>
    <inherits name="com.braintribe.model.BootstrappingApiModel"/>
    <inherits name="com.braintribe.model.CollaborativeSmoodConfigurationModel"/>
    <inherits name="com.braintribe.model.cortexapi.access.CollaborativeSmoodApi"/>
    <inherits name="com.braintribe.model.ExtensionDeploymentModel"/>
    <inherits name="com.braintribe.model.FolderModel"/>
    <inherits name="com.braintribe.model.generic.GenericModelValidation"/>
    <inherits name="com.braintribe.model.generic.I18nModel"/>
    <inherits name="com.braintribe.model.generic.ManipulationModel"/>
    <inherits name="com.braintribe.model.generic.pr.TraversingCriteriaModel"/>
    <inherits name="com.braintribe.model.generic.TypeConditionModel"/>
    <inherits name="com.braintribe.model.generic.ValueDescriptorModel"/>
    <inherits name="com.braintribe.model.GenericModel"/>
    <inherits name="com.braintribe.model.IconModel"/>
    <inherits name="com.braintribe.model.meta.data.UiMetaDataModel"/>
    <inherits name="com.braintribe.model.ModelPathModel"/>
    <inherits name="com.braintribe.model.NotificationClientModel"/>
    <inherits name="com.braintribe.model.PackagingModel"/>
    <inherits name="com.braintribe.model.PathModel"/>
    <inherits name="com.braintribe.model.platformsetup.PlatformSetupLowLevelModel"/>
    <inherits name="com.braintribe.model.processing.CascadingMetaData"/>
    <inherits name="com.braintribe.model.processing.notification.NotificationApi"/>
    <inherits name="com.braintribe.model.processing.query.QueryModelProcessing"/>
    <inherits name="com.braintribe.model.processing.session.impl.GmSessionImpl"/>
    <inherits name="com.braintribe.model.processing.session.impl.ManagedGmSessionImpl"/>
    <inherits name="com.braintribe.model.processing.session.impl.PersistenceGmSessionImpl"/>
    <inherits name="com.braintribe.model.processing.session.SessionApi"/>
    <inherits name="com.braintribe.model.processing.TemplateEvaluation"/>
    <inherits name="com.braintribe.model.processing.vde.evaluator.VdeEvaluatorApi"/>
    <inherits name="com.braintribe.model.processing.workbench.action.WorkbenchActionApi"/>
    <inherits name="com.braintribe.model.QueryModel"/>
    <inherits name="com.braintribe.model.RecordModel"/>
    <inherits name="com.braintribe.model.RootModel"/>
    <inherits name="com.braintribe.model.ServiceApiModel"/>
    <inherits name="com.braintribe.model.ServiceDeploymentModel"/>
    <inherits name="com.braintribe.model.TemplateModel"/>
    <inherits name="com.braintribe.model.TransientResourceModel"/>
    <inherits name="com.braintribe.model.UiCommandModel"/>
    <inherits name="com.braintribe.model.UiServiceModel"/>
    <inherits name="com.braintribe.model.UserModel"/>
    <inherits name="com.braintribe.model.WorkbenchModel"/>
    <inherits name="com.braintribe.processing.async.AsyncApi"/>
    <inherits name="com.braintribe.Provider"/>
    <inherits name="com.braintribe.utils.I18nTools"/>
    <inherits name="com.braintribe.UtilsExclusion"/>
    <inherits name="com.google.gwt.cell.Cell"/>
    <inherits name="com.google.gwt.core.AsyncFragmentLoader"/>
    <inherits name="com.google.gwt.core.CompilerParameters"/>
    <inherits name="com.google.gwt.core.Core"/>
    <inherits name="com.google.gwt.core.CoreWithUserAgent"/>
    <inherits name="com.google.gwt.core.CrossSiteIframeLinker"/>
    <inherits name="com.google.gwt.core.StackTrace"/>
    <inherits name="com.google.gwt.core.SynchronousFragmentLoadCallback"/>
    <inherits name="com.google.gwt.core.XSLinker"/>
    <inherits name="com.google.gwt.dom.DOM"/>
    <inherits name="com.google.gwt.emul.Emulation"/>
    <inherits name="com.google.gwt.event.dom.DomEvent"/>
    <inherits name="com.google.gwt.event.EventBase"/>
    <inherits name="com.google.gwt.event.logical.LogicalEvent"/>
    <inherits name="com.google.gwt.http.HTTP"/>
    <inherits name="com.google.gwt.i18n.CldrLocales"/>
    <inherits name="com.google.gwt.resources.Resources"/>
    <inherits name="com.google.gwt.safehtml.SafeHtml"/>
    <inherits name="com.google.gwt.user.Debug"/>
    <inherits name="com.google.gwt.user.RemoteServiceObfuscateTypeNames"/>
    <inherits name="com.google.gwt.xhr.XMLHttpRequest"/>
    <inherits name="com.sencha.gxt.cell.core.Core"/>
    <inherits name="com.sencha.gxt.core.Core"/>
    <inherits name="com.sencha.gxt.data.Data"/>
    <inherits name="com.sencha.gxt.widget.core.Core"/>
    <inherits name="jsinterop.annotations.Annotations"/>
    <inherits name="org.vectomatic.libgwtsvg"/>
    <inherits name="tribefire.extension.js.model.JsUxDeploymentModel"/>
    <stylesheet src="bt-resources/constellation/constellation.css"/>
</module>
