<?xml version='1.0' encoding='UTF-8'?>
<?gm-xml version="4"?>
<gm-data>
 <required-types>
  <t alias='ArtifactContainerConfiguration^C$tK2M' num='1'>com.braintribe.model.malaclypse.cfg.container.ArtifactContainerConfiguration</t>
  <t alias='ArtifactKind^DbJUQh'>com.braintribe.model.malaclypse.cfg.container.ArtifactKind</t>
  <t alias='ContainerKind^C7ITQC'>com.braintribe.model.malaclypse.cfg.container.ContainerKind</t>
  <t alias='ResolverKind^BtLBVR'>com.braintribe.model.malaclypse.cfg.container.ResolverKind</t>
 </required-types>
 <root-value>
  <r>ArtifactContainerConfiguration^C$tK2M-$e052981f-379a-4abe-a596-e04ccb17b637</r>
 </root-value>
 <pool>
  <E id='ArtifactContainerConfiguration^C$tK2M-$e052981f-379a-4abe-a596-e04ccb17b637'>
   <e p='artifactKind'>ArtifactKind^DbJUQh.model</e>
   <e p='containerKind'>ContainerKind^C7ITQC.dynamicContainer</e>
   <s p='globalId'>e052981f-379a-4abe-a596-e04ccb17b637</s>
   <b p='modified'>false</b>
   <e p='resolverKind'>ResolverKind^BtLBVR.optimistic</e>
  </E>
 </pool>
</gm-data>