<?xml version="1.0" encoding="UTF-8" standalone="no"?>
<!--
This library is free software; you can redistribute it and/or modify it under the terms of the GNU Lesser General Public
License as published by the Free Software Foundation; either version 3 of the License, or (at your option) any later version.

This library is distributed in the hope that it will be useful, but WITHOUT ANY WARRANTY; without even the implied warranty of
MERCHANTABILITY or FITNESS FOR A PARTICULAR PURPOSE. See the GNU Lesser General Public License for more details.

You should have received a copy of the GNU Lesser General Public License along with this library; See http://www.gnu.org/licenses/.
--><module>
    <inherits name="com.braintribe.gwt.action.Action"/>
    <inherits name="com.braintribe.gwt.async.Async"/>
    <inherits name="com.braintribe.gwt.browserfeatures.BrowserFeatures"/>
    <inherits name="com.braintribe.gwt.gme.propertypanel.PropertyPanel"/>
    <inherits name="com.braintribe.gwt.gmview.GmViewApi"/>
    <inherits name="com.braintribe.gwt.ioc.Ioc"/>
	<inherits name="com.braintribe.gwt.utils.GxtResourcesUtils"/>
    <inherits name="com.braintribe.model.BasicMetaModel"/>
    <inherits name="com.braintribe.model.generic.ManipulationModel"/>
    <inherits name="com.braintribe.model.generic.ValueDescriptorModel"/>
    <inherits name="com.braintribe.model.GenericModel"/>
    <inherits name="com.braintribe.model.PathModel"/>
	<inherits name="com.braintribe.model.processing.CascadingMetaData"/>
	<inherits name="com.braintribe.model.processing.MetaModelApi"/>
    <inherits name="com.braintribe.model.processing.ModelOracle"/>
    <inherits name="com.braintribe.model.processing.session.SessionApi"/>
    <inherits name="com.braintribe.model.QueryModel"/>
    <inherits name="com.braintribe.processing.async.AsyncApi"/>
    <inherits name="com.google.gwt.core.AsyncFragmentLoader"/>
    <inherits name="com.google.gwt.core.CompilerParameters"/>
    <inherits name="com.google.gwt.core.Core"/>
    <inherits name="com.google.gwt.core.CoreWithUserAgent"/>
    <inherits name="com.google.gwt.core.CrossSiteIframeLinker"/>
    <inherits name="com.google.gwt.core.StackTrace"/>
    <inherits name="com.google.gwt.core.SynchronousFragmentLoadCallback"/>
    <inherits name="com.google.gwt.core.XSLinker"/>
    <inherits name="com.google.gwt.dom.DOM"/>
    <inherits name="com.google.gwt.emul.Emulation"/>
    <inherits name="com.google.gwt.event.dom.DomEvent"/>
    <inherits name="com.google.gwt.event.logical.LogicalEvent"/>
	<inherits name="com.google.gwt.i18n.CldrLocales"/>
    <inherits name="com.google.gwt.resources.Resources"/>
    <inherits name="com.google.gwt.safehtml.SafeHtml"/>
    <inherits name="com.google.gwt.user.Debug"/>
    <inherits name="com.google.gwt.user.RemoteServiceObfuscateTypeNames"/>
    <inherits name="com.sencha.gxt.widget.core.Core"/>
    <inherits name="org.vectomatic.libgwtsvg"/>
    <stylesheet src="bt-resources/simplepropertypanel/simplePropertyPanel.css"/>
    <source path="client"/>
</module>
