<?xml version="1.0" encoding="UTF-8" standalone="no"?>
<!--
This library is free software; you can redistribute it and/or modify it under the terms of the GNU Lesser General Public
License as published by the Free Software Foundation; either version 3 of the License, or (at your option) any later version.

This library is distributed in the hope that it will be useful, but WITHOUT ANY WARRANTY; without even the implied warranty of
MERCHANTABILITY or FITNESS FOR A PARTICULAR PURPOSE. See the GNU Lesser General Public License for more details.

You should have received a copy of the GNU Lesser General Public License along with this library; See http://www.gnu.org/licenses/.
--><module rename-to="BtClientCustomization">
    <inherits name="com.braintribe.gwt.async.Async"/>
    <inherits name="com.braintribe.gwt.customizationui.CustomizationUi"/>
    <inherits name="com.braintribe.gwt.ioc.gme.BasicIocSetForGME"/>
    <inherits name="com.braintribe.model.generic.I18nModel"/>
    <inherits name="com.braintribe.model.WorkbenchModel"/>
    <inherits name="com.braintribe.Provider"/>
    <inherits name="com.braintribe.utils.I18nTools"/>
    <inherits name="com.braintribe.UtilsExclusion"/>
    <inherits name="com.google.gwt.core.AsyncFragmentLoader"/>
    <inherits name="com.google.gwt.core.CompilerParameters"/>
    <inherits name="com.google.gwt.core.Core"/>
    <inherits name="com.google.gwt.core.CoreWithUserAgent"/>
    <inherits name="com.google.gwt.core.CrossSiteIframeLinker"/>
    <inherits name="com.google.gwt.core.StackTrace"/>
    <inherits name="com.google.gwt.core.SynchronousFragmentLoadCallback"/>
    <!-- inherits name="com.google.gwt.core.XSLinker"/ remote superDev debug fails when this is here -->
    <inherits name="com.google.gwt.emul.Emulation"/>
    <inherits name="com.google.gwt.i18n.CldrLocales"/>
    <inherits name="com.google.gwt.resources.Resources"/>
    <inherits name="com.sencha.gxt.widget.core.Core"/>
    <inherits name="jsinterop.annotations.Annotations"/>
    <!--Resource Module-->
    <inherits name="com.braintribe.gwt.gxt.gxtresources.GxtResources"/>
    <!--Resource Module-->
    <inherits name="com.braintribe.gwt.gme.cssresources.GenericModelExplorerCssResources"/>
    <!-- Importing GXT css file -->
    <stylesheet src="bt-resources/commons/customizing.css"/>
    <!-- User Agent - Uncomment and use just the ones you want for speeding up compilation process -->
    <!-- Available GXT os: mac,linux,windows,unknown -->
    <!-- Available GXT user agents: ie8,ie9,ie10,ie11,edge,gecko1_8,gecko1_9,safari3,safari4,safari5,chrome,air -->
    <collapse-property name="user.agent.os" values="*"/>
    <set-property name="gxt.user.agent" value="gecko1_9,chrome,edge,safari5"/>
    <collapse-property name="gxt.user.agent" values="*"/>
    <collapse-property name="gxt.device" values="*"/>
    <set-property name="user.agent" value="safari,gecko1_8,ie10"/>
    <!-- Configuring I18N stuff -->
    <!-- extend-property name="locale" values="en,de"/ -->
    <!-- Turn on CssResource pretty printing, helpful when debugging -->
    <!-- <set-configuration-property name="CssResource.style" value="pretty"/>  -->
    <!-- Experiment on this: should reduce size and improve performance -->
    <!-- https://docs.google.com/document/d/1AegOijkqg9ix6wtMMPYU0JeDBZXIzSgopDifPV7gH9E/edit -->
    <!-- <set-property name="jre.checks.checkLevel" value="MINIMAL" />  -->
    <!-- Specify the app entry point class. -->
    <entry-point class="com.braintribe.gwt.customization.client.StartupEntryPoint"/>
    <add-linker name="direct_install"/>
    <!-- add-linker name="xsiframe"/> -->
    <!-- Optional during debugging only, speed up compiles during debugging -->
    <!-- collapse-all-properties /> -->
</module>
