<?xml version="1.0" encoding="UTF-8" standalone="no"?>
<!--
This library is free software; you can redistribute it and/or modify it under the terms of the GNU Lesser General Public
License as published by the Free Software Foundation; either version 3 of the License, or (at your option) any later version.

This library is distributed in the hope that it will be useful, but WITHOUT ANY WARRANTY; without even the implied warranty of
MERCHANTABILITY or FITNESS FOR A PARTICULAR PURPOSE. See the GNU Lesser General Public License for more details.

You should have received a copy of the GNU Lesser General Public License along with this library; See http://www.gnu.org/licenses/.
--><module>
	<inherits name="com.braintribe.gwt.action.Action" />
	<inherits name="com.braintribe.gwt.codec.registry.Registry"/>
	<inherits name="com.braintribe.gwt.gme.constellation.GmeConstellation" />
	<inherits name="com.braintribe.gwt.gmview.action.GmViewAction" />
	<inherits name="com.braintribe.gwt.gmview.GmViewApi" />
	<inherits name="com.braintribe.gwt.gxt.gxtresources.GxtResources" />
	<inherits name="com.braintribe.model.processing.session.SessionApi" />
	<inherits name="com.google.gwt.emul.Emulation" />
	<inherits name="com.google.gwt.user.Debug" />
	<inherits name="com.google.gwt.user.RemoteServiceObfuscateTypeNames" />
	<inherits name="com.sencha.gxt.widget.core.Core" />
</module>
