<!--
This library is free software; you can redistribute it and/or modify it under the terms of the GNU Lesser General Public
License as published by the Free Software Foundation; either version 3 of the License, or (at your option) any later version.

This library is distributed in the hope that it will be useful, but WITHOUT ANY WARRANTY; without even the implied warranty of
MERCHANTABILITY or FITNESS FOR A PARTICULAR PURPOSE. See the GNU Lesser General Public License for more details.

You should have received a copy of the GNU Lesser General Public License along with this library; See http://www.gnu.org/licenses/.
--><beans xmlns="http://www.springframework.org/schema/beans"
	xmlns:amq="http://activemq.apache.org/schema/core" xmlns:xsi="http://www.w3.org/2001/XMLSchema-instance"
	xsi:schemaLocation="
	http://www.springframework.org/schema/beans http://www.springframework.org/schema/beans/spring-beans-2.0.xsd
  	http://activemq.apache.org/schema/core http://activemq.apache.org/schema/core/activemq-core.xsd
 ">

	<amq:broker id="defaultBroker" brokerName="defaultBroker" useJmx="true" persistent="true" dataDirectory="res/activemq/datadir">
		<amq:transportConnectors>
			<amq:transportConnector uri="tcp://localhost:61616" />
		</amq:transportConnectors>

		<!-- Activate this to have access to JMX Beans -->
		<!-- 
		<amq:managementContext>
			<amq:managementContext brokerName="defaultBroker" connectorHost="localhost" connectorPort="10099" useMBeanServer="true" createConnector="true"/>
		</amq:managementContext>
		-->
		
		<amq:persistenceAdapter>
			<amq:kahaDB directory="res/activemq/kahadb" journalMaxFileLength="32mb" />
		</amq:persistenceAdapter>

	</amq:broker>

</beans>