<?xml version="1.0" encoding="UTF-8" standalone="no"?>
<!--
This library is free software; you can redistribute it and/or modify it under the terms of the GNU Lesser General Public
License as published by the Free Software Foundation; either version 3 of the License, or (at your option) any later version.

This library is distributed in the hope that it will be useful, but WITHOUT ANY WARRANTY; without even the implied warranty of
MERCHANTABILITY or FITNESS FOR A PARTICULAR PURPOSE. See the GNU Lesser General Public License for more details.

You should have received a copy of the GNU Lesser General Public License along with this library; See http://www.gnu.org/licenses/.
--><module>
	<inherits name="com.braintribe.model.BasicMetaModel" />
	<inherits name="com.braintribe.model.EssentialMetaDataModel" />
	<inherits name="com.braintribe.model.FolderModel" />
    <inherits name="com.braintribe.model.generic.ManipulationModel"/>
    <inherits name="com.braintribe.model.generic.ValueDescriptorModel"/>
    <inherits name="com.braintribe.model.MetaModel"/>
    <inherits name="com.braintribe.model.RootModel"/>
    <inherits name="com.braintribe.model.WorkbenchModel"/>
    <inherits name="com.google.gwt.emul.Emulation"/>
    <source path="accessapi"/>
</module>