<?xml version="1.0" encoding="UTF-8" standalone="no"?>
<!--
This library is free software; you can redistribute it and/or modify it under the terms of the GNU Lesser General Public
License as published by the Free Software Foundation; either version 3 of the License, or (at your option) any later version.

This library is distributed in the hope that it will be useful, but WITHOUT ANY WARRANTY; without even the implied warranty of
MERCHANTABILITY or FITNESS FOR A PARTICULAR PURPOSE. See the GNU Lesser General Public License for more details.

You should have received a copy of the GNU Lesser General Public License along with this library; See http://www.gnu.org/licenses/.
--><module>
    <inherits name="com.braintribe.BasicConfigAnnotations"/>
    <inherits name="com.braintribe.common.Lcd"/>
    <inherits name="com.braintribe.gwt.async.Async"/>
	<inherits name="com.braintribe.gwt.browserfeatures.BrowserFeatures"/>
    <inherits name="com.braintribe.gwt.gme.constellation.GmeConstellation"/>
    <inherits name="com.braintribe.gwt.gme.propertypanel.PropertyPanel"/>
    <inherits name="com.braintribe.gwt.gme.tetherbar.TetherBar"/>
    <inherits name="com.braintribe.gwt.gme.verticaltabpanel.VerticalTabPanel"/>
    <inherits name="com.braintribe.gwt.gmview.action.GmViewAction"/>
    <inherits name="com.braintribe.gwt.gmview.ddsarequest.DdsaRequest"/>
    <inherits name="com.braintribe.gwt.gmview.GmViewApi"/>
    <inherits name="com.braintribe.gwt.gmview.util.GmViewUtil"/>
    <inherits name="com.braintribe.gwt.ioc.Ioc"/>
    <inherits name="com.braintribe.gwt.logging.Logging"/>
    <inherits name="com.braintribe.gwt.qc.api.QueryConstellationViewApi"/>
    <inherits name="com.braintribe.model.AccessApiModel"/>
    <inherits name="com.braintribe.model.AccessRequestModel"/>
	<inherits name="com.braintribe.model.AccessServiceApiModel"/>
    <inherits name="com.braintribe.model.FolderModel"/>
    <inherits name="com.braintribe.model.generic.GenericModelValidation"/>
    <inherits name="com.braintribe.model.generic.ManipulationModel"/>
    <inherits name="com.braintribe.model.generic.ValueDescriptorModel"/>
    <inherits name="com.braintribe.model.GenericModel"/>
    <inherits name="com.braintribe.model.NotificationClientModel"/>
    <inherits name="com.braintribe.model.PathModel"/>
    <inherits name="com.braintribe.model.processing.CascadingMetaData"/>
	<inherits name="com.braintribe.model.processing.MetaModelApi"/>
	<inherits name="com.braintribe.model.processing.ModelOracle"/>
    <inherits name="com.braintribe.model.processing.notification.NotificationApi"/>
    <inherits name="com.braintribe.model.processing.session.impl.ManagedGmSessionImpl"/>
    <inherits name="com.braintribe.model.processing.session.impl.PersistenceGmSessionImpl"/>
    <inherits name="com.braintribe.model.processing.session.SessionApi"/>
    <inherits name="com.braintribe.model.processing.TemplateEvaluation"/>
    <inherits name="com.braintribe.model.processing.workbench.action.WorkbenchActionApi"/>
    <inherits name="com.braintribe.model.QueryModel"/>
    <inherits name="com.braintribe.model.TemplateModel"/>
    <inherits name="com.braintribe.model.UiCommandModel"/>
    <inherits name="com.braintribe.model.WorkbenchModel"/>
    <inherits name="com.braintribe.processing.async.AsyncApi"/>
    <inherits name="com.google.gwt.core.AsyncFragmentLoader"/>
    <inherits name="com.google.gwt.core.CompilerParameters"/>
    <inherits name="com.google.gwt.core.Core"/>
    <inherits name="com.google.gwt.core.CoreWithUserAgent"/>
    <inherits name="com.google.gwt.core.CrossSiteIframeLinker"/>
    <inherits name="com.google.gwt.core.StackTrace"/>
    <inherits name="com.google.gwt.core.SynchronousFragmentLoadCallback"/>
    <inherits name="com.google.gwt.core.XSLinker"/>
    <inherits name="com.google.gwt.dom.DOM"/>
    <inherits name="com.google.gwt.emul.Emulation"/>
    <inherits name="com.google.gwt.i18n.CldrLocales"/>
    <inherits name="com.google.gwt.user.Debug"/>
    <inherits name="com.google.gwt.user.RemoteServiceObfuscateTypeNames"/>
    <inherits name="com.sencha.gxt.cell.core.Core"/>
    <inherits name="com.sencha.gxt.core.Core"/>
    <inherits name="com.sencha.gxt.widget.core.Core"/>
    <source path="client"/>
</module>
