<?xml version="1.0" encoding="UTF-8" standalone="no"?>
<!--
This library is free software; you can redistribute it and/or modify it under the terms of the GNU Lesser General Public
License as published by the Free Software Foundation; either version 3 of the License, or (at your option) any later version.

This library is distributed in the hope that it will be useful, but WITHOUT ANY WARRANTY; without even the implied warranty of
MERCHANTABILITY or FITNESS FOR A PARTICULAR PURPOSE. See the GNU Lesser General Public License for more details.

You should have received a copy of the GNU Lesser General Public License along with this library; See http://www.gnu.org/licenses/.
--><module>
	<inherits name="com.braintribe.gm.model.persistence.reflection.PersistenceReflectionApi"/>
    <inherits name="com.braintribe.model.AccessApiModel"/>
    <inherits name="com.braintribe.model.AccessInterfaces"/>
	<inherits name="com.braintribe.model.AccessRequestModel"/>
	<inherits name="com.braintribe.model.AccessServiceApiModel"/>
	<inherits name="com.braintribe.model.BasicMetaModel"/>
    <inherits name="com.braintribe.model.GenericModel"/>
    <inherits name="com.braintribe.model.MetaModel"/>
    <inherits name="com.braintribe.model.QueryModel"/>
	<inherits name="com.braintribe.model.ServiceApiModel"/>
	<inherits name="com.google.gwt.core.Core"/>
    <inherits name="com.google.gwt.emul.Emulation"/>
    <source path="access"/>
    <super-source path="emul"/>
</module>
