<?xml version="1.0" encoding="UTF-8" standalone="no"?>
<!--
This library is free software; you can redistribute it and/or modify it under the terms of the GNU Lesser General Public
License as published by the Free Software Foundation; either version 3 of the License, or (at your option) any later version.

This library is distributed in the hope that it will be useful, but WITHOUT ANY WARRANTY; without even the implied warranty of
MERCHANTABILITY or FITNESS FOR A PARTICULAR PURPOSE. See the GNU Lesser General Public License for more details.

You should have received a copy of the GNU Lesser General Public License along with this library; See http://www.gnu.org/licenses/.
--><module>	

	<inherits name="com.braintribe.gwt.tribefirejs.TribefireJsBase"/>
	<inherits name="com.braintribe.gwt.genericmodel.GenericModel"/>
	<inherits name="com.braintribe.gwt.gmrpc.base.BaseGmRpcClient"/>
	<inherits name="com.braintribe.gwt.security.Security"/>
	<inherits name="com.braintribe.gwt.gmsession.GMSessionModule"/>
	<inherits name="com.braintribe.model.processing.query.QueryParser"/>
	<inherits name="com.braintribe.model.UserSessionModel"/>
	<inherits name="com.braintribe.model.AccessServiceApiModel"/>
	<inherits name="com.braintribe.model.processing.core.expert.GmExpertRegistryImpl"/>
	<inherits name="com.braintribe.gwt.gmresource.GmResource"/>
	<inherits name="com.braintribe.model.util.MetaModelUtil"/>	
	<inherits name="com.braintribe.gwt.gm.resource.streamingprocessing.StreamingBasedResourceProcessing"/>
	<inherits name="tribefire.js.model.TribefireJsConfigModel"/>
	
    <source path="client"/>
</module>
