<?xml version="1.0" encoding="utf-8"?>
<!--
This library is free software; you can redistribute it and/or modify it under the terms of the GNU Lesser General Public
License as published by the Free Software Foundation; either version 3 of the License, or (at your option) any later version.

This library is distributed in the hope that it will be useful, but WITHOUT ANY WARRANTY; without even the implied warranty of
MERCHANTABILITY or FITNESS FOR A PARTICULAR PURPOSE. See the GNU Lesser General Public License for more details.

You should have received a copy of the GNU Lesser General Public License along with this library; See http://www.gnu.org/licenses/.
--><!DOCTYPE hibernate-mapping PUBLIC  
	"-//Hibernate/Hibernate Mapping DTD//EN" 
	"http://www.hibernate.org/dtd/hibernate-mapping-3.0.dtd">

<hibernate-mapping auto-import="false">
	<class name="com.braintribe.model.smoodstorage.SmoodStorage" entity-name="com.braintribe.model.smoodstorage.SmoodStorage" table="TF_SMOODSTORAGE" abstract="false">
			<id name="id" column="ID" type="java.lang.String">
				<generator class="assigned" />
			</id>
			<property name="globalId" column="`$GLOBALID`" />
			<property name="partition" column="`$PARTITION`" />
			<property name="accessId" column="ACCESSID" />
			<set name="bufferedManipulations" table="TF_SMOODSTORAGEBUFFEREDMANIP" cascade="all">
	 			<key column="SMOODSTORAGEID" />
				<many-to-many class="com.braintribe.model.smoodstorage.BufferedManipulation" column="BUFFEREDMANIPULATIONID" />
			</set>
			<property name="bufferedManipulationsSize" column="BUFFEREDMANIPULATIONSSIZE" type="integer"/>
			<set name="classDependencies" table="TF_SMOODSTORAGECLASSDEPEND" cascade="all">
	 			<key column="SMOODSTORAGEID" />
				<many-to-many class="com.braintribe.model.smoodstorage.JavaClass" column="JAVACLASSID" />
			</set>
			<property name="classDependenciesSequenceNumber" column="CLASSDEPENDSEQUENCENUMBER" type="integer"/>
			<property name="encodedData" type="materialized_clob" lazy="true">
				<column name="ENCODEDDATA" />
			</property>
			<property name="sequenceNumber" column="SEQUENCENUMBER" type="integer"/>
			<property name="size" column="SIZE_" type="integer"/>
	</class>
</hibernate-mapping>
