<?xml version="1.0" encoding="utf-8"?>
<!--
This library is free software; you can redistribute it and/or modify it under the terms of the GNU Lesser General Public
License as published by the Free Software Foundation; either version 3 of the License, or (at your option) any later version.

This library is distributed in the hope that it will be useful, but WITHOUT ANY WARRANTY; without even the implied warranty of
MERCHANTABILITY or FITNESS FOR A PARTICULAR PURPOSE. See the GNU Lesser General Public License for more details.

You should have received a copy of the GNU Lesser General Public License along with this library; See http://www.gnu.org/licenses/.
--><!DOCTYPE hibernate-mapping PUBLIC  
	"-//Hibernate/Hibernate Mapping DTD//EN" 
	"http://www.hibernate.org/dtd/hibernate-mapping-3.0.dtd">

<hibernate-mapping auto-import="false">
	<class name="com.braintribe.model.smoodstorage.JavaClass" entity-name="com.braintribe.model.smoodstorage.JavaClass" table="TF_JAVACLASS" abstract="false">
			<id name="id" column="ID" type="java.lang.String">
				<generator class="assigned" />
			</id>
			<property name="globalId" column="`$GLOBALID`" />
			<property name="partition" column="`$PARTITION`" />
			<property name="classData" type="materialized_clob" lazy="true">
				<column name="CLASSDATA" />
			</property>
			<property name="md5" column="MD5" />
			<property name="qualifiedName" column="QUALIFIEDNAME" />
			<property name="sequenceNumber" column="SEQUENCENUMBER" type="integer"/>
	</class>
</hibernate-mapping>
